id,name,model_id:id,group_id:id,perm_read,perm_write,perm_create,perm_unlink
access_student_details,access.Student.student.details,model_student_details,,1,1,1,1
access_student_hobbies,access.Student.student.hobbies,model_student_hobbies,,1,1,1,1
access_department_details,access.Student.department.details,model_department_details,,1,1,1,1
access_student_lng,access.Student.student.lng,model_student_lng,,1,1,1,1
access_lang_tab,access.Student.lang.tab,model_lang_tab,,1,1,1,1
access_student_subject,access.Student.student.subject,model_student_subject,,1,1,1,1
access_subject_subject,access.Student.subject.subject,model_subject_subject,,1,1,1,1
access_create_appointment_wizard,access.Student.create.appointment.wizard,model_create_appointment_wizard,,1,1,1,1
