<?xml version="1.0" encoding="utf-8"?>
<odoo>
<data noupdate="0">
    <record model="ir.module.category" id="module_category_student">
        <field name="name">Student System</field>
    </record>
    <record model="res.groups" id="group__hod">
        <field name="name">HOD</field>
        <field name="category_id" ref="module_category_student"/>
    </record>

    <record model="res.groups" id="group_student">
        <field name="name">STUDENT</field>
        <field name="category_id" ref="module_category_student"/>
    </record>

    <record id="student_record_rule" model="ir.rule">
        <field name="name">Student can see his/her details</field>
        <field name="model_id" ref="model_student_details"/>
        <field name="groups" eval="[(4, ref ('group_student'))]"/>
        <field name="perm_read" eval="True"/>
        <field name="perm_write" eval="False"/>
        <field name="perm_create" eval="False"/>
        <field name="perm_unlink" eval="False"/>
        <field name="domain_force">[('related_user_id', '=', user.id)]</field>
    </record>

    <record id="hod_record_rule" model="ir.rule">
        <field name="name">HOD RUle</field>
        <field name="model_id" ref="model_student_details"/>
        <field name="groups" eval="[(4, ref ('group__hod'))]"/>
        <field name="perm_read" eval="True"/>
        <field name="perm_write" eval="False"/>
        <field name="perm_create" eval="False"/>
        <field name="perm_unlink" eval="False"/>
        <field name="domain_force">[('department_id.related_user_id', '=', user.id)]</field>
    </record>
</data>

</odoo>