<?xml version="1.0" encoding="utf-8"?>
<odoo>
    <data noupdate="1">
        <record id="mail_before_book_date_cron" model="ir.cron">
            <field name="name">Remainder of Travel</field>
            <field name="model_id" ref="model_book_ticket"/>
            <field name="type">ir.actions.server</field>
            <field name="state">code</field>
            <field name="code">model.scheduled_remainder_travel()</field>
            <field name="user_id" ref="base.user_root"/>
<!--            <field name="interval_number"></field>-->
<!--            <field name="interval_type"></field>-->
<!--            <field name="numbercall"></field>-->
        </record>
    </data>
</odoo>