<?xml version="1.0" ?>
<odoo>

    <!-- Mail template are declared in a NOUPDATE block
         so users can freely customize/delete them -->
<!--    <data noupdate="1">-->
        <!--Email template for registered passenger -->
        <record id="passenger_reg_mail_new_template_id" model="mail.template">
            <field name="name">Passenger Registration:Send by Email</field>
            <field name="model_id" ref="UL_Airways.model_passenger_details"/>
            <field name="email_from">${object.company}</field>
            <field name="email_to">${object.email}</field>
            <field name="subject">Success(Ref ${object.name})</field>
            <field name="body_html" type="html">
                <div style="margin: 0px; padding: 0px;">
                    <p style="margin: 0px; padding: 0px; font-size: 13px;">
                        Dear ${object.given_name}
<!--                        <br/>-->
<!--                        <br/>-->
<!--                        Here is your confirmation of successful registration with reference ${object.name}-->
<!--                        <br/>-->
<!--                        <br/>-->
<!--                        Please search your flights for a safe journey-->
<!--                        <br/>-->
<!--                        <br/>-->
<!--                        Do not hesitate to contact us if you have any queries.-->
                    </p>
                </div>
            </field>
            <field name="report_template" ref="passenger_report_pdf"/>
            <field name="report_name">Passenger Registered Successfully_${(object.name)}
            </field>
        </record>
<!--    </data>-->
</odoo>
