<?xml version="1.0" encoding="utf-8"?>
<odoo>

<!--    sequence number for passenger form-->
    <record id="seq_passenger_data" model="ir.sequence">
        <field name="name">Passenger Form Sequence</field>
        <field name="code">passenger_sequence_code</field>
        <field name="active">TRUE</field>
        <field name="prefix">PS/</field>
        <field name="padding">4</field>
        <field name="number_next">1</field>
        <field name="number_increment">1</field>
    </record>
    <!--    sequence number for flight form-->
    <record id="seq_flight_data" model="ir.sequence">
        <field name="name">Flight Form Sequence</field>
        <field name="code">flight_sequence_code</field>
        <field name="active">TRUE</field>
        <field name="prefix">ULF/</field>
        <field name="padding">4</field>
        <field name="number_next">1</field>
        <field name="number_increment">1</field>
    </record>
    <!--    sequence number for Airport form-->
    <record id="seq_airport_data" model="ir.sequence">
        <field name="name">Airport Form Sequence</field>
        <field name="code">airport_sequence_code</field>
        <field name="active">TRUE</field>
        <field name="prefix">UL-PORT/</field>
        <field name="padding">4</field>
        <field name="number_next">1</field>
        <field name="number_increment">1</field>
    </record>
    <!--    sequence number for ADDING FLIGHTS-->
    <record id="seq_add_flight_data" model="ir.sequence">
        <field name="name">Add Flight Form Sequence</field>
        <field name="code">add_flight_sequence_code</field>
        <field name="active">TRUE</field>
        <field name="prefix">UL-FLIGHT</field>
        <field name="padding">5</field>
        <field name="number_next">1</field>
        <field name="number_increment">1</field>
    </record>
    <!--    sequence number for book tickets-->
    <record id="seq_book_ticket_data" model="ir.sequence">
        <field name="name">Ticket booking Sequence</field>
        <field name="code">book_ticket_sequence_code</field>
        <field name="active">TRUE</field>
        <field name="prefix">TIC/</field>
        <field name="padding">4</field>
        <field name="number_next">1</field>
        <field name="number_increment">1</field>
    </record>
    <!--    sequence number for ground staff-->
    <record id="seq_add_ground_staff" model="ir.sequence">
        <field name="name">Ground Staff Sequence</field>
        <field name="code">ground_staff_sequence_code</field>
        <field name="active">TRUE</field>
        <field name="prefix">UL-EMP/</field>
        <field name="padding">4</field>
        <field name="number_next">1</field>
        <field name="number_increment">1</field>
    </record>
</odoo>