<?xml version="1.0" ?>
<odoo>

    <!-- Mail template are declared in a NOUPDATE block
         so users can freely customize/delete them -->
<!--    <data noupdate="1">-->
        <!--Email template for ticket booking confirmation -->
        <record id="passenger_ticket_book_mail_template_id" model="mail.template">
            <field name="name">Booking Status:Send by Email</field>
            <field name="model_id" ref="UL_Airways.model_book_ticket"/>
            <field name="email_from">${object.company_email}</field>
            <field name="email_to">${object.email}</field>
            <field name="subject">Ticket Booked(Ref ${object.name})</field>
            <field name="body_html" type="html">
                <div style="margin: 0px; padding: 0px;">
                    <p style="margin: 0px; padding: 0px; font-size: 13px;">
                        Dear ${object.passenger_name1}
                        <br/>
                        <br/>
                        Here is your confirmation of successful booking of tickets with ref ${object.name}
                        <br/>
                        <br/>
                        You have to pay a total of ${object.total_rate}
                        <br/>
                        <br/>
                        Do not hesitate to contact us if you have any queries.
                        <br/>
                        <br/>
                        Cancellation policy is applicable only one week before your travelling date, that is ${object.travelling_date}.
                    </p>
                </div>
<!--            </field>-->
<!--            <field name="report_template" ref="passenger_report_pdf"/>-->
<!--            <field name="report_name">Ticket Booked Successfully_${(object.name)}-->
            </field>
        </record>
<!--    </data>-->
</odoo>
