<odoo>
    <record id="morning_notification_cron" model="ir.cron">
        <field name="name">Morning Wish Notification</field>
        <field name="model_id" ref="model_student_details"/>
<!--        <feild name="type">ir.actions.server</feild>-->
        <field name="state">code</field>
        <field name="code">model.notify_wish()</field>
        <field name='interval_number'>1</field>
        <field name='interval_type'>minutes</field>
        <field name="numbercall">-1</field>
    </record>
</odoo>