<odoo>
    <data>
        <record id="email_template_student_card" model="mail.template">
            <field name="name">student card: send by email</field>

            <field name="model_id" ref="Student.model_student_details"/>
            <field name="subject">student Registration</field>
            <field name="email_to">${object.email}</field>
            <field name="auto_delete" eval="True"/>
            <field name="body_html"><![CDATA[

            <p>Dear ${(object.stud_name)},
            <br />
            <br />
            <br/>your registration has been successfully completed<br />
            </p>regards<br/>
         ]]>


            </field>
        </record>

    </data>
</odoo>