id,name,model_id:id,group_id:id,perm_read,perm_write,perm_create,perm_unlink
access_passenger_details,access.UL_Airways.passenger.details,model_passenger_details,,1,1,1,1
access_flight_details,access.UL_Airways.flight.details,model_flight_details,,1,1,1,1
access_airport_details,access.UL_Airways.airport.details,model_airport_details,,1,1,1,1
access_search_flight_wizard,access.UL_Airways.search.flight.wizard,model_search_flight_wizard,,1,1,1,1
access_add_flight,access.UL_Airways.add.flight,model_add_flight,,1,1,1,1
access_book_ticket,access.UL_Airways.book.ticket,model_book_ticket,,1,1,1,1
access_ground_staff,access.UL_Airways.ground.staff,model_ground_staff,,1,1,1,1
access_baggage_details,access.UL_Airways.baggage.details,model_baggage_details,,1,1,1,1
access_cabin_baggage,access.UL_Airways.cabin.baggage,model_cabin_baggage,,1,1,1,1
access_monthly_report_wizard,access.UL_Airways.monthly.report.wizard,model_monthly_report_wizard,,1,1,1,1
access_account_move,access.UL_Airways.account.move,model_account_move,,1,1,1,1
