<?xml version="1.0" encoding="utf-8"?>
<odoo>
<!--<data noupdate="0">-->

    <!--    creating a category for ul airways-->
    <record model="ir.module.category" id="module_category_airways">
        <field name="name">UL Airways</field>
        <field name="description">Airlines Management Category</field>
    </record>

    <!--    create group for airport manager-->
    <record model="res.groups" id="group__manager">
        <field name="name">Airport Manager</field>
        <field name="category_id" ref="module_category_airways"/>
<!--        <field name="implied_ids" eval="[(4, ref('group__passenger'))]"/>-->
    </record>

    <!--    create group for passenger-->
    <record model="res.groups" id="group__passenger">
        <field name="name">Passenger</field>
        <field name="category_id" ref="module_category_airways"/>
    </record>

    <!--    create group for ground staff-->
    <record model="res.groups" id="group_staff">
        <field name="name">Ground Staff</field>
        <field name="category_id" ref="module_category_airways"/>
    </record>

<!--    &lt;!&ndash;    creating record rule for passenger&ndash;&gt;-->
<!--    <record id="passenger_record_rule" model="ir.rule">-->
<!--        <field name="name">Passenger can see his/her details</field>-->
<!--        <field name="model_id" ref="model_passenger_details"/>-->
<!--        <field name="groups" eval="[(4, ref ('group__passenger'))]"/>-->
<!--        <field name="perm_read" eval="True"/>-->
<!--        <field name="perm_write" eval="False"/>-->
<!--        <field name="perm_create" eval="False"/>-->
<!--        <field name="perm_unlink" eval="False"/>-->
<!--        <field name="domain_force">[('related_user_id.email', '=', user.id)]</field>-->
<!--    </record>-->

<!--    &lt;!&ndash;    creating record rule for airport manager&ndash;&gt;-->
<!--    <record id="passenger_record_rule" model="ir.rule">-->
<!--        <field name="name">Airport manager can see all passengers</field>-->
<!--        <field name="model_id" ref="model_passenger_details"/>-->
<!--        <field name="groups" eval="[(4, ref ('group__manager'))]"/>-->
<!--        <field name="perm_read" eval="True"/>-->
<!--        <field name="perm_write" eval="False"/>-->
<!--        <field name="perm_create" eval="False"/>-->
<!--        <field name="perm_unlink" eval="False"/>-->
<!--        <field name="domain_force">[('1', '=', '1')]</field>-->
<!--    </record>-->

<!--</data>-->

</odoo>